custom_header,domain_name,resolved_ip
09330000,_apple-mobdev._tcp.local.,192.168.1.1
09330001,_apple-mobdev._tcp.local.,192.168.1.2
09330002,linkedin.com.,192.168.1.3
09330003,wikipedia.org.,192.168.1.4
09330004,wpad.,192.168.1.5
09330005,wpad.,192.168.1.1
09330006,wpad.,192.168.1.2
09330007,wpad.,192.168.1.3
09330008,wpad.,192.168.1.4
09330009,wpad.,192.168.1.5
09330010,wpad.,192.168.1.1
09330011,wpad.,192.168.1.2
09330012,gmxwnlajnl.,192.168.1.3
09330013,djoncbjcmv.,192.168.1.4
09330014,mptrmkwart.,192.168.1.5
09330015,djoncbjcmv.,192.168.1.1
09330016,gmxwnlajnl.,192.168.1.2
09330017,mptrmkwart.,192.168.1.3
09330018,Brother MFC-7860DW._pdl-datastream._tcp.local.,192.168.1.4
09330019,Brother MFC-7860DW._pdl-datastream._tcp.local.,192.168.1.5
09330020,example.com.,192.168.1.1
09330021,wpad.,192.168.1.2
09330022,wpad.,192.168.1.3
09330023,wpad.,192.168.1.4
09330024,wpad.,192.168.1.5
09330025,isilon.,192.168.1.1
09330026,isilon.,192.168.1.2
09330027,isilon.,192.168.1.3
09330028,isilon.,192.168.1.4
09330029,Brother MFC-7860DW._pdl-datastream._tcp.local.,192.168.1.5
09330030,Brother MFC-7860DW._pdl-datastream._tcp.local.,192.168.1.1
09330031,github.com.,192.168.1.2
09330032,isatap.,192.168.1.3
09330033,isatap.,192.168.1.4
09330034,isatap.,192.168.1.5
09330035,isatap.,192.168.1.1
09330036,wpad.,192.168.1.2
09330037,wpad.,192.168.1.3
09330038,wpad.,192.168.1.4
09330039,wpad.,192.168.1.5
09330040,_apple-mobdev._tcp.local.,192.168.1.1
09330041,Brother MFC-7860DW._pdl-datastream._tcp.local.,192.168.1.2
09330042,Brother MFC-7860DW._pdl-datastream._tcp.local.,192.168.1.3
09330043,reddit.com.,192.168.1.4
09330044,wpad.,192.168.1.5
09330045,wpad.,192.168.1.1
09330046,wpad.,192.168.1.2
09330047,wpad.,192.168.1.3
09330048,wpad.,192.168.1.4
09330049,wpad.,192.168.1.5
09330050,wpad.,192.168.1.1
09330051,wpad.,192.168.1.2
09330052,isatap.,192.168.1.3
09330053,isatap.,192.168.1.4
09330054,isatap.,192.168.1.5
09330055,isatap.,192.168.1.1
09330056,google.com.,192.168.1.2
09330057,Brother MFC-7860DW._pdl-datastream._tcp.local.,192.168.1.3
09330058,Brother MFC-7860DW._pdl-datastream._tcp.local.,192.168.1.4
09330059,wpad.,192.168.1.5
09330060,wpad.,192.168.1.1
09330061,wpad.,192.168.1.2
09330062,wpad.,192.168.1.3
09330063,_apple-mobdev._tcp.local.,192.168.1.4
09330064,_apple-mobdev._tcp.local.,192.168.1.5
09330065,wpad.,192.168.1.1
09330066,wpad.,192.168.1.2
09330067,wpad.,192.168.1.3
09330068,wpad.,192.168.1.4
09330069,wpad.,192.168.1.5
09330070,wpad.,192.168.1.1
09330071,wpad.,192.168.1.2
09330072,wpad.,192.168.1.3
09330073,Brother MFC-7860DW._pdl-datastream._tcp.local.,192.168.1.4
09330074,Brother MFC-7860DW._pdl-datastream._tcp.local.,192.168.1.5
09330075,Brother MFC-7860DW._pdl-datastream._tcp.local.,192.168.1.1
09330076,Brother MFC-7860DW._pdl-datastream._tcp.local.,192.168.1.2
09330077,bing.com.,192.168.1.3
09330078,wpad.,192.168.1.4
09330079,wpad.,192.168.1.5
09330080,wpad.,192.168.1.1
09330081,wpad.,192.168.1.2
09330082,wpad.,192.168.1.3
09330083,wpad.,192.168.1.4
09330084,wpad.,192.168.1.5
09330085,wpad.,192.168.1.1
